unit,interp_error_mag_s21
unit_1,5.813769909934763e-09
unit_2,6.194228463485274e-09
unit_3,6.52534448697395e-09
unit_4,5.368638339442455e-09
