unit,interp_error_mag_s21
040401AA,5.813769909934763e-09
040402AA,6.194228463485274e-09
040403AA,6.52534448697395e-09
040404AA,5.368638339442455e-09
