unit,freq_min_hz,freq_max_hz,n_points,s21_db_max,s21_db_min,group_delay_mean_s,group_delay_std_s,passivity_margin_min,reciprocity_max
Unit 1,1000000000.0,4000000000.0,1530,-2.5638230556226107,-40.008713976552535,1.2376967598219874e-09,2.455714308503595e-10,0.0009976754932248255,0.0025537644770310796
Unit 2,1000000000.0,4000000000.0,1530,-2.8610570601844856,-40.00863592536656,1.2385515925557024e-09,2.4889693813471367e-10,0.00099815001108583,0.002216184444521674
Unit 3,1000000000.0,4000000000.0,1530,-1.0729786558893382,-40.008674148793865,1.1864742018040094e-09,2.5412436452682353e-10,0.0009971816333735894,0.0022970113844076865
Unit 4,1000000000.0,4000000000.0,1530,-1.6234699400879329,-40.00872250168845,1.0950818151271997e-09,2.4647449285505775e-10,0.0009957666741831073,0.0018873436297036734
